{"cameraMode":{"drawMode":0,"name":"Shaded","section":"Shading Mode"},"sceneLighting":true,"audioPlay":false,"sceneViewState":{"showFog":true,"showMaterialUpdate":false,"showSkybox":true,"showFlares":true,"showImageEffects":true,"showParticleSystems":true},"in2DMode":false,"pivot":{"x":-0.20866267383098603,"y":3.502350330352783,"z":3.844850778579712},"rotation":{"x":-0.22047777473926545,"y":-0.006733146030455828,"z":0.0015216937754303218,"w":-0.9753668308258057},"size":5.350093841552734,"orthographic":false}