{"cameraMode":{"drawMode":0,"name":"Shaded","section":"Shading Mode"},"sceneLighting":true,"audioPlay":false,"sceneViewState":{"showFog":true,"showMaterialUpdate":false,"showSkybox":true,"showFlares":true,"showImageEffects":true,"showParticleSystems":true},"in2DMode":false,"pivot":{"x":0.7097598910331726,"y":2.2337660789489748,"z":-5.551835536956787},"rotation":{"x":-0.20598134398460389,"y":0.36311420798301699,"z":-0.08265356719493866,"w":-0.9049232602119446},"size":4.860888957977295,"orthographic":false}